source_serial_no,gasoline_pct,ethanol_pct,pentanol_pct,propanol_pct,butanol_pct,n_methylaniline_pct,torque_nm,speed_rpm,compression_ratio,cv_mj_kg,air_fuel_ratio,viscosity_m2_s,ron,oxygen_pct,bte_pct,bsfc_g_kwh,co_vol_pct,hc_ppm,source_excel_row,quarantine_reason,composition_sum_original_pct,composition_sum_pct,blend_group
119.0,97.5,0.0,0.0,3.5,0.0,0.0,6.95,2900.0,7.5,41.716,14.52,7.35e-07,97.65,4.1355,12.256563093823843,705.8823529411764,1.4028,258.0,140,fuel_composition_not_within_99.99_to_100.01_pct,101.0,,
120.0,97.5,0.0,0.0,3.5,0.0,0.0,7.98,3300.0,7.5,41.716,15.43,7.35e-07,97.65,4.1355,13.62084313169842,642.4870466321244,2.0338,209.0,141,fuel_composition_not_within_99.99_to_100.01_pct,101.0,,
219.0,97.5,0.0,0.0,0.0,3.5,0.0,7.01,2900.0,7.5,41.776,14.3,7.68e-07,97.1,4.00975,12.269169138187047,704.7619047619047,1.4028,265.0,240,fuel_composition_not_within_99.99_to_100.01_pct,101.0,,
220.0,97.5,0.0,0.0,0.0,3.5,0.0,8.0,3300.0,7.5,41.776,15.92,7.68e-07,97.1,4.00975,13.546189287771165,643.9024390243903,2.0338,213.0,241,fuel_composition_not_within_99.99_to_100.01_pct,101.0,,
319.0,97.5,0.0,3.5,0.0,0.0,0.0,7.06,2900.0,7.5,43.061,15.26,7.77e-07,97.05,3.92375,12.884498979424254,673.076923076923,1.4238,365.0,340,fuel_composition_not_within_99.99_to_100.01_pct,101.0,,
320.0,97.5,0.0,3.5,0.0,0.0,0.0,8.0,3300.0,7.5,43.061,14.87,7.77e-07,97.05,3.92375,12.984477660050864,649.5726495726497,2.0547999999999997,264.0,341,fuel_composition_not_within_99.99_to_100.01_pct,101.0,,
381.0,98.5,0.0,1.5,0.0,1.5,0.0,1.98,1700.0,4.67,41.812,14.46,7.41e-07,97.31,3.89255,4.694998956666898,2118.64406779661,1.6289999999999998,687.0,402,fuel_composition_not_within_99.99_to_100.01_pct,101.5,,
382.0,98.5,0.0,1.5,0.0,1.5,0.0,4.02,2100.0,4.67,41.812,16.82,7.41e-07,97.31,3.89255,8.470560617653197,1223.140495867769,1.828,515.0,403,fuel_composition_not_within_99.99_to_100.01_pct,101.5,,
383.0,98.5,0.0,1.5,0.0,1.5,0.0,6.04,2500.0,4.67,41.812,15.68,7.41e-07,97.31,3.89255,10.91375025457828,875.7062146892656,2.032,502.0,404,fuel_composition_not_within_99.99_to_100.01_pct,101.5,,
384.0,98.5,0.0,1.5,0.0,1.5,0.0,7.02,2900.0,4.67,41.812,15.26,7.41e-07,97.31,3.89255,11.21937604422029,783.0687830687831,2.235,365.0,405,fuel_composition_not_within_99.99_to_100.01_pct,101.5,,
385.0,98.5,0.0,1.5,0.0,1.5,0.0,8.0,3300.0,4.67,41.812,16.39,7.41e-07,97.31,3.89255,12.26664116296863,713.6150234741785,2.801,345.0,406,fuel_composition_not_within_99.99_to_100.01_pct,101.5,,
386.0,98.5,0.0,1.5,0.0,1.5,0.0,2.04,1700.0,5.5,41.812,14.95,7.41e-07,97.31,3.89255,4.736993114001529,2032.786885245902,1.4963999999999997,662.0,407,fuel_composition_not_within_99.99_to_100.01_pct,101.5,,
387.0,98.5,0.0,1.5,0.0,1.5,0.0,4.03,2100.0,5.5,41.812,14.57,7.41e-07,97.31,3.89255,8.866613460675936,1135.593220338983,1.7103999999999997,486.0,408,fuel_composition_not_within_99.99_to_100.01_pct,101.5,,
388.0,98.5,0.0,1.5,0.0,1.5,0.0,5.99,2500.0,5.5,41.812,16.64,7.41e-07,97.31,3.89255,11.074959929408742,829.5454545454545,1.8993999999999995,470.0,409,fuel_composition_not_within_99.99_to_100.01_pct,101.5,,
389.0,98.5,0.0,1.5,0.0,1.5,0.0,6.99,2900.0,5.5,41.812,15.96,7.41e-07,97.31,3.89255,11.32316373374139,783.2512315270938,2.1374,317.0,410,fuel_composition_not_within_99.99_to_100.01_pct,101.5,,
390.0,98.5,0.0,1.5,0.0,1.5,0.0,7.91,3300.0,5.5,41.812,14.65,7.41e-07,97.31,3.89255,13.212810525358346,676.9911504424779,2.6684,280.0,411,fuel_composition_not_within_99.99_to_100.01_pct,101.5,,
391.0,98.5,0.0,1.5,0.0,1.5,0.0,2.05,1700.0,6.5,41.812,14.64,7.41e-07,97.31,3.89255,4.861912188805839,1934.426229508197,1.3649799999999996,652.0,412,fuel_composition_not_within_99.99_to_100.01_pct,101.5,,
392.0,98.5,0.0,1.5,0.0,1.5,0.0,3.96,2100.0,6.5,41.812,14.57,7.41e-07,97.31,3.89255,9.320433678792513,1111.111111111111,1.5789799999999996,477.0,413,fuel_composition_not_within_99.99_to_100.01_pct,101.5,,
393.0,98.5,0.0,1.5,0.0,1.5,0.0,5.96,2500.0,6.5,41.812,14.95,7.41e-07,97.31,3.89255,11.155820148666082,825.8426966292135,1.7235,461.0,414,fuel_composition_not_within_99.99_to_100.01_pct,101.5,,
394.0,98.5,0.0,1.5,0.0,1.5,0.0,6.96,2900.0,6.5,41.812,16.17,7.41e-07,97.31,3.89255,12.089997484566767,759.8039215686274,2.0059799999999997,443.0,415,fuel_composition_not_within_99.99_to_100.01_pct,101.5,,
395.0,98.5,0.0,1.5,0.0,1.5,0.0,8.02,3300.0,6.5,41.812,14.65,7.41e-07,97.31,3.89255,13.232217766403716,674.4186046511628,2.5369799999999993,262.0,416,fuel_composition_not_within_99.99_to_100.01_pct,101.5,,
396.0,98.5,0.0,1.5,0.0,1.5,0.0,2.07,1700.0,7.5,41.812,13.6,7.41e-07,97.31,3.89255,4.927505738332058,1901.639344262295,1.2497199999999995,617.0,417,fuel_composition_not_within_99.99_to_100.01_pct,101.5,,
397.0,98.5,0.0,1.5,0.0,1.5,0.0,4.03,2100.0,7.5,41.812,14.16,7.41e-07,97.31,3.89255,9.698355011476663,1102.564102564103,1.4637199999999995,413.0,418,fuel_composition_not_within_99.99_to_100.01_pct,101.5,,
398.0,98.5,0.0,1.5,0.0,1.5,0.0,6.01,2500.0,7.5,41.812,16.37,7.41e-07,97.31,3.89255,11.216879844316558,815.6424581005585,1.6527199999999995,388.0,419,fuel_composition_not_within_99.99_to_100.01_pct,101.5,,
399.0,98.5,0.0,1.5,0.0,1.5,0.0,7.0,2900.0,7.5,41.812,16.17,7.41e-07,97.31,3.89255,12.141256655684463,740.3846153846155,1.85463,335.0,420,fuel_composition_not_within_99.99_to_100.01_pct,101.5,,
400.0,98.5,0.0,1.5,0.0,1.5,0.0,8.09,3300.0,7.5,41.812,14.65,7.41e-07,97.31,3.89255,13.271969254620865,668.2242990654205,2.4217199999999997,260.0,421,fuel_composition_not_within_99.99_to_100.01_pct,101.5,,
401.0,97.5,0.0,2.5,0.0,2.5,0.0,2.01,1700.0,4.67,41.824,14.16,7.48e-07,97.2,3.90975,5.315513373837448,1833.333333333333,1.5507,680.0,422,fuel_composition_not_within_99.99_to_100.01_pct,102.5,,
402.0,97.5,0.0,2.5,0.0,2.5,0.0,4.04,2100.0,4.67,41.824,13.16,7.48e-07,97.2,3.90975,9.217344899700935,1016.806722689076,1.683,504.0,423,fuel_composition_not_within_99.99_to_100.01_pct,102.5,,
403.0,97.5,0.0,2.5,0.0,2.5,0.0,5.95,2500.0,4.67,41.824,14.79,7.48e-07,97.2,3.90975,11.612922444371298,789.7727272727271,1.9537,499.0,424,fuel_composition_not_within_99.99_to_100.01_pct,102.5,,
404.0,97.5,0.0,2.5,0.0,2.5,0.0,6.95,2900.0,4.67,41.824,15.26,7.48e-07,97.2,3.90975,12.044216630069904,765.625,2.1916999999999995,365.0,425,fuel_composition_not_within_99.99_to_100.01_pct,102.5,,
405.0,97.5,0.0,2.5,0.0,2.5,0.0,8.0,3300.0,4.67,41.824,15.24,7.48e-07,97.2,3.90975,13.447413138020625,701.8348623853211,2.7227,340.0,426,fuel_composition_not_within_99.99_to_100.01_pct,102.5,,
406.0,97.5,0.0,2.5,0.0,2.5,0.0,2.05,1700.0,5.5,41.824,14.32,7.48e-07,97.2,3.90975,5.340935826286727,1819.672131147541,1.4156999999999997,651.0,427,fuel_composition_not_within_99.99_to_100.01_pct,102.5,,
407.0,97.5,0.0,2.5,0.0,2.5,0.0,4.01,2100.0,5.5,41.824,14.15,7.48e-07,97.2,3.90975,9.312859820353903,974.7899159663865,1.654,473.0,428,fuel_composition_not_within_99.99_to_100.01_pct,102.5,,
408.0,97.5,0.0,2.5,0.0,2.5,0.0,5.97,2500.0,5.5,41.824,14.32,7.48e-07,97.2,3.90975,12.04050928692659,778.409090909091,1.8186999999999995,455.0,429,fuel_composition_not_within_99.99_to_100.01_pct,102.5,,
409.0,97.5,0.0,2.5,0.0,2.5,0.0,6.98,2900.0,5.5,41.824,14.65,7.48e-07,97.2,3.90975,12.529578542177935,760.9756097560977,2.0567,315.0,430,fuel_composition_not_within_99.99_to_100.01_pct,102.5,,
410.0,97.5,0.0,2.5,0.0,2.5,0.0,8.02,3300.0,5.5,41.824,15.92,7.48e-07,97.2,3.90975,13.460435541319054,649.9999999999999,2.5877,271.0,431,fuel_composition_not_within_99.99_to_100.01_pct,102.5,,
411.0,97.5,0.0,2.5,0.0,2.5,0.0,1.97,1700.0,6.5,41.824,14.73,7.48e-07,97.2,3.90975,5.460698954290601,1762.71186440678,1.2913199999999996,640.0,432,fuel_composition_not_within_99.99_to_100.01_pct,102.5,,
412.0,97.5,0.0,2.5,0.0,2.5,0.0,4.0,2100.0,6.5,41.824,13.61,7.48e-07,97.2,3.90975,9.627546646869808,924.3697478991598,1.5053199999999995,467.0,433,fuel_composition_not_within_99.99_to_100.01_pct,102.5,,
413.0,97.5,0.0,2.5,0.0,2.5,0.0,6.02,2500.0,6.5,41.824,13.55,7.48e-07,97.2,3.90975,12.241768968513913,769.6629213483147,1.6943199999999996,440.0,434,fuel_composition_not_within_99.99_to_100.01_pct,102.5,,
414.0,97.5,0.0,2.5,0.0,2.5,0.0,6.97,2900.0,6.5,41.824,15.02,7.48e-07,97.2,3.90975,12.7043311671237,712.1951219512196,1.953,425.0,435,fuel_composition_not_within_99.99_to_100.01_pct,102.5,,
415.0,97.5,0.0,2.5,0.0,2.5,0.0,7.92,3300.0,6.5,41.824,14.87,7.48e-07,97.2,3.90975,13.642333318904447,650.2242152466367,2.4633199999999995,257.0,436,fuel_composition_not_within_99.99_to_100.01_pct,102.5,,
416.0,97.5,0.0,2.5,0.0,2.5,0.0,2.02,1700.0,7.5,41.824,14.95,7.48e-07,97.2,3.90975,5.5208026947729,1750.0,1.181,603.0,437,fuel_composition_not_within_99.99_to_100.01_pct,102.5,,
417.0,97.5,0.0,2.5,0.0,2.5,0.0,3.98,2100.0,7.5,41.824,14.46,7.48e-07,97.2,3.90975,9.870593513769954,889.8305084745764,1.3264,395.0,438,fuel_composition_not_within_99.99_to_100.01_pct,102.5,,
418.0,97.5,0.0,2.5,0.0,2.5,0.0,5.97,2500.0,7.5,41.824,15.03,7.48e-07,97.2,3.90975,12.529820954748644,766.6666666666666,1.5834299999999994,373.0,439,fuel_composition_not_within_99.99_to_100.01_pct,102.5,,
419.0,97.5,0.0,3.5,0.0,3.5,0.0,7.05,2900.0,7.5,41.824,14.42,7.48e-07,97.2,3.90975,12.978131154446048,710.1449275362319,1.8214299999999992,320.0,440,fuel_composition_not_within_99.99_to_100.01_pct,104.5,,
420.0,97.5,0.0,3.5,0.0,3.5,0.0,8.0,3300.0,7.5,41.824,14.43,7.48e-07,97.2,3.90975,13.661812315506767,649.5726495726497,2.35243,251.0,441,fuel_composition_not_within_99.99_to_100.01_pct,104.5,,
421.0,96.5,0.0,3.5,0.0,3.5,0.0,1.94,1700.0,4.67,41.833,14.16,7.5e-07,97.19,3.9349,4.03960895704941,1631.578947368421,1.4724,652.0,442,fuel_composition_not_within_99.99_to_100.01_pct,103.5,,
422.0,96.5,0.0,3.5,0.0,3.5,0.0,3.98,2100.0,4.67,41.833,14.01,7.5e-07,97.19,3.9349,6.971745529664291,932.7731092436976,1.735,492.0,443,fuel_composition_not_within_99.99_to_100.01_pct,103.5,,
423.0,96.5,0.0,3.5,0.0,3.5,0.0,5.91,2500.0,4.67,41.833,14.42,7.5e-07,97.19,3.9349,9.816444915165857,742.8571428571429,1.758,492.0,444,fuel_composition_not_within_99.99_to_100.01_pct,103.5,,
424.0,96.5,0.0,3.5,0.0,3.5,0.0,6.98,2900.0,4.67,41.833,14.87,7.5e-07,97.19,3.9349,10.975736415531665,714.2857142857143,2.1133999999999995,365.0,445,fuel_composition_not_within_99.99_to_100.01_pct,103.5,,
425.0,96.5,0.0,3.5,0.0,3.5,0.0,8.0,3300.0,4.67,41.833,14.58,7.5e-07,97.19,3.9349,12.06090117488594,639.6396396396395,2.6444,336.0,446,fuel_composition_not_within_99.99_to_100.01_pct,103.5,,
426.0,96.5,0.0,3.5,0.0,3.5,0.0,1.98,1700.0,5.5,41.833,14.32,7.5e-07,97.19,3.9349,4.178324250168492,1610.169491525424,1.3349999999999997,642.0,447,fuel_composition_not_within_99.99_to_100.01_pct,103.5,,
427.0,96.5,0.0,3.5,0.0,3.5,0.0,4.01,2100.0,5.5,41.833,14.15,7.5e-07,97.19,3.9349,7.534257729243001,925.0000000000001,1.5489999999999997,461.0,448,fuel_composition_not_within_99.99_to_100.01_pct,103.5,,
428.0,96.5,0.0,3.5,0.0,3.5,0.0,6.01,2500.0,5.5,41.833,14.32,7.5e-07,97.19,3.9349,10.309418780084776,715.0837988826815,1.652,442.0,449,fuel_composition_not_within_99.99_to_100.01_pct,103.5,,
429.0,96.5,0.0,3.5,0.0,3.5,0.0,6.97,2900.0,5.5,41.833,14.87,7.5e-07,97.19,3.9349,10.898220329558395,685.9903381642513,1.976,312.0,450,fuel_composition_not_within_99.99_to_100.01_pct,103.5,,
430.0,96.5,0.0,3.5,0.0,3.5,0.0,8.0,3300.0,5.5,41.833,14.69,7.5e-07,97.19,3.9349,12.366086762255595,638.2978723404254,2.5069999999999997,263.0,451,fuel_composition_not_within_99.99_to_100.01_pct,103.5,,
431.0,96.5,0.0,3.5,0.0,3.5,0.0,1.97,1700.0,6.5,41.833,14.73,7.5e-07,97.19,3.9349,4.351203878127812,1576.271186440678,1.2176599999999995,627.0,452,fuel_composition_not_within_99.99_to_100.01_pct,103.5,,
432.0,96.5,0.0,3.5,0.0,3.5,0.0,4.02,2100.0,6.5,41.833,14.29,7.5e-07,97.19,3.9349,7.67992592060413,891.6666666666667,1.4316599999999995,455.0,453,fuel_composition_not_within_99.99_to_100.01_pct,103.5,,
433.0,96.5,0.0,3.5,0.0,3.5,0.0,6.05,2500.0,6.5,41.833,14.7,7.5e-07,97.19,3.9349,10.426266254759682,701.6574585635359,1.6206599999999995,418.0,454,fuel_composition_not_within_99.99_to_100.01_pct,103.5,,
434.0,96.5,0.0,3.5,0.0,3.5,0.0,6.98,2900.0,6.5,41.833,15.26,7.5e-07,97.19,3.9349,11.184639701127953,676.328502415459,1.8235,408.0,455,fuel_composition_not_within_99.99_to_100.01_pct,103.5,,
435.0,96.5,0.0,3.5,0.0,3.5,0.0,8.0,3300.0,6.5,41.833,15.23,7.5e-07,97.19,3.9349,12.391284267137417,629.7872340425532,2.3896599999999992,250.0,456,fuel_composition_not_within_99.99_to_100.01_pct,103.5,,
436.0,96.5,0.0,3.5,0.0,3.5,0.0,1.96,1700.0,7.5,41.833,14.4,7.5e-07,97.19,3.9349,4.436879307200451,1559.322033898305,1.1111399999999994,591.0,457,fuel_composition_not_within_99.99_to_100.01_pct,103.5,,
437.0,96.5,0.0,3.5,0.0,3.5,0.0,3.96,2100.0,7.5,41.833,14.46,7.5e-07,97.19,3.9349,7.65775093714474,873.9495798319329,1.3251399999999993,380.0,458,fuel_composition_not_within_99.99_to_100.01_pct,103.5,,
438.0,96.5,0.0,3.5,0.0,3.5,0.0,5.98,2500.0,7.5,41.833,14.13,7.5e-07,97.19,3.9349,10.40399764661565,685.3932584269663,1.5543,358.0,459,fuel_composition_not_within_99.99_to_100.01_pct,103.5,,
439.0,96.5,0.0,3.5,0.0,3.5,0.0,6.99,2900.0,7.5,41.833,14.2,7.5e-07,97.19,3.9349,11.422520561410124,661.8357487922706,1.7521399999999991,303.0,460,fuel_composition_not_within_99.99_to_100.01_pct,103.5,,
440.0,96.5,0.0,3.5,0.0,3.5,0.0,8.0,3300.0,7.5,41.833,14.21,7.5e-07,97.19,3.9349,12.719628084722915,629.7872340425532,2.28314,238.0,461,fuel_composition_not_within_99.99_to_100.01_pct,103.5,,
441.0,95.0,0.0,5.0,0.0,5.0,0.0,1.98,1700.0,4.67,41.757,13.17,7.9e-07,97.06,4.0489,3.9940113577697467,2120.689655172413,1.3941,641.0,462,fuel_composition_not_within_99.99_to_100.01_pct,105.0,,
442.0,95.0,0.0,5.0,0.0,5.0,0.0,4.02,2100.0,4.67,41.757,14.68,7.9e-07,97.06,4.0489,6.910171356502603,1237.28813559322,1.6080999999999999,480.0,463,fuel_composition_not_within_99.99_to_100.01_pct,105.0,,
443.0,95.0,0.0,5.0,0.0,5.0,0.0,5.99,2500.0,4.67,41.757,15.92,7.9e-07,97.06,4.0489,9.711457334611698,880.6818181818182,1.832,479.0,464,fuel_composition_not_within_99.99_to_100.01_pct,105.0,,
444.0,95.0,0.0,5.0,0.0,5.0,0.0,7.03,2900.0,4.67,41.757,14.65,7.9e-07,97.06,4.0489,10.947174110644868,784.2105263157895,2.0351,365.0,465,fuel_composition_not_within_99.99_to_100.01_pct,105.0,,
445.0,95.0,0.0,5.0,0.0,5.0,0.0,7.96,3300.0,4.67,41.757,15.92,7.9e-07,97.06,4.0489,11.833863854266538,716.4948453608248,2.5661000000000005,328.0,466,fuel_composition_not_within_99.99_to_100.01_pct,105.0,,
446.0,95.0,0.0,5.0,0.0,5.0,0.0,2.05,1700.0,5.5,41.757,14.95,7.9e-07,97.06,4.0489,4.125314597315437,2065.573770491803,1.2542999999999997,635.0,467,fuel_composition_not_within_99.99_to_100.01_pct,105.0,,
447.0,95.0,0.0,5.0,0.0,5.0,0.0,3.99,2100.0,5.5,41.757,15.13,7.9e-07,97.06,4.0489,7.4536912751677855,1144.06779661017,1.4682999999999997,451.0,468,fuel_composition_not_within_99.99_to_100.01_pct,105.0,,
448.0,95.0,0.0,5.0,0.0,5.0,0.0,5.99,2500.0,5.5,41.757,15.43,7.9e-07,97.06,4.0489,10.278892747013552,837.9888268156425,1.7523,428.0,469,fuel_composition_not_within_99.99_to_100.01_pct,105.0,,
449.0,95.0,0.0,5.0,0.0,5.0,0.0,7.0,2900.0,5.5,41.757,14.08,7.9e-07,97.06,4.0489,10.937200383509108,789.1891891891892,1.8953,310.0,470,fuel_composition_not_within_99.99_to_100.01_pct,105.0,,
450.0,95.0,0.0,5.0,0.0,5.0,0.0,8.0,3300.0,5.5,41.757,14.05,7.9e-07,97.06,4.0489,11.92987081798456,698.5645933014354,2.4262999999999995,254.0,471,fuel_composition_not_within_99.99_to_100.01_pct,105.0,,
451.0,95.0,0.0,5.0,0.0,5.0,0.0,2.0,1700.0,6.5,41.757,13.87,7.9e-07,97.06,4.0489,4.311482294398708,1966.666666666667,1.1439999999999995,615.0,472,fuel_composition_not_within_99.99_to_100.01_pct,105.0,,
452.0,95.0,0.0,5.0,0.0,5.0,0.0,4.04,2100.0,6.5,41.757,14.41,7.9e-07,97.06,4.0489,7.55211212001579,1125.0,1.4405,440.0,473,fuel_composition_not_within_99.99_to_100.01_pct,105.0,,
453.0,95.0,0.0,5.0,0.0,5.0,0.0,6.06,2500.0,6.5,41.757,15.43,7.9e-07,97.06,4.0489,10.337661752688103,828.7292817679557,1.5469999999999995,396.0,474,fuel_composition_not_within_99.99_to_100.01_pct,105.0,,
454.0,95.0,0.0,5.0,0.0,5.0,0.0,7.04,2900.0,6.5,41.757,15.1,7.9e-07,97.06,4.0489,11.122992569511023,769.2307692307693,1.7849999999999997,382.0,475,fuel_composition_not_within_99.99_to_100.01_pct,105.0,,
455.0,95.0,0.0,5.0,0.0,5.0,0.0,8.05,3300.0,6.5,41.757,14.3,7.9e-07,97.06,4.0489,12.233489368901923,696.8325791855204,2.3159999999999994,240.0,476,fuel_composition_not_within_99.99_to_100.01_pct,105.0,,
456.0,95.0,0.0,5.0,0.0,5.0,0.0,2.04,1700.0,7.5,41.757,13.6,7.9e-07,97.06,4.0489,4.3054170661553215,1950.0,1.0418499999999993,581.0,477,fuel_composition_not_within_99.99_to_100.01_pct,105.0,,
457.0,95.0,0.0,5.0,0.0,5.0,0.0,4.02,2100.0,7.5,41.757,15.88,7.9e-07,97.06,4.0489,7.643667869832496,1123.96694214876,1.2558499999999992,364.0,478,fuel_composition_not_within_99.99_to_100.01_pct,105.0,,
458.0,95.0,0.0,5.0,0.0,5.0,0.0,6.0,2500.0,7.5,41.757,16.37,7.9e-07,97.06,4.0489,10.4012723173797,826.8156424581006,1.5154,342.0,479,fuel_composition_not_within_99.99_to_100.01_pct,105.0,,
459.0,95.0,0.0,5.0,0.0,5.0,0.0,7.07,2900.0,7.5,41.757,14.08,7.9e-07,97.06,4.0489,11.284556522368348,754.8076923076923,1.6828499999999993,288.0,480,fuel_composition_not_within_99.99_to_100.01_pct,105.0,,
460.0,95.0,0.0,5.0,0.0,5.0,0.0,8.09,3300.0,7.5,41.757,15.49,7.9e-07,97.06,4.0489,12.422445244113508,677.1300448430493,2.21385,226.0,481,fuel_composition_not_within_99.99_to_100.01_pct,105.0,,
461.0,90.0,0.0,10.0,0.0,10.0,0.0,2.03,1700.0,4.67,41.72,13.61,7.78e-07,97.2,4.12565,3.968132463002261,2166.666666666667,1.2557999999999998,631.0,482,fuel_composition_not_within_99.99_to_100.01_pct,110.0,,
462.0,90.0,0.0,10.0,0.0,10.0,0.0,4.07,2100.0,4.67,41.72,15.97,7.78e-07,97.2,4.12565,6.889952979560502,1252.100840336135,1.495,466.0,483,fuel_composition_not_within_99.99_to_100.01_pct,110.0,,
463.0,90.0,0.0,10.0,0.0,10.0,0.0,6.06,2500.0,4.67,41.72,16.17,7.78e-07,97.2,4.12565,9.65686123629174,888.8888888888889,1.6588,465.0,484,fuel_composition_not_within_99.99_to_100.01_pct,110.0,,
464.0,90.0,0.0,10.0,0.0,10.0,0.0,7.02,2900.0,4.67,41.72,16.17,7.78e-07,97.2,4.12565,10.840919854759775,789.7435897435898,1.8967999999999996,364.0,485,fuel_composition_not_within_99.99_to_100.01_pct,110.0,,
465.0,90.0,0.0,10.0,0.0,10.0,0.0,7.97,3300.0,4.67,41.72,15.1,7.78e-07,97.2,4.12565,11.56260329036454,728.1553398058253,2.4278000000000004,321.0,486,fuel_composition_not_within_99.99_to_100.01_pct,110.0,,
466.0,90.0,0.0,10.0,0.0,10.0,0.0,2.05,1700.0,5.5,41.72,12.81,7.78e-07,97.2,4.12565,4.108385795230115,2098.360655737705,1.1735999999999998,618.0,487,fuel_composition_not_within_99.99_to_100.01_pct,110.0,,
467.0,90.0,0.0,10.0,0.0,10.0,0.0,4.03,2100.0,5.5,41.72,15.69,7.78e-07,97.2,4.12565,7.392456166806037,1157.02479338843,1.3875999999999997,439.0,488,fuel_composition_not_within_99.99_to_100.01_pct,110.0,,
468.0,90.0,0.0,10.0,0.0,10.0,0.0,5.99,2500.0,5.5,41.72,14.95,7.78e-07,97.2,4.12565,10.156643710388662,840.909090909091,1.5765999999999996,412.0,489,fuel_composition_not_within_99.99_to_100.01_pct,110.0,,
469.0,90.0,0.0,10.0,0.0,10.0,0.0,7.09,2900.0,5.5,41.72,15.73,7.78e-07,97.2,4.12565,10.927678895705968,790.2439024390245,1.653,308.0,490,fuel_composition_not_within_99.99_to_100.01_pct,110.0,,
470.0,90.0,0.0,10.0,0.0,10.0,0.0,7.98,3300.0,5.5,41.72,16.17,7.78e-07,97.2,4.12565,11.607172397877576,723.8095238095237,2.3455999999999997,245.0,491,fuel_composition_not_within_99.99_to_100.01_pct,110.0,,
471.0,90.0,0.0,10.0,0.0,10.0,0.0,2.06,1700.0,6.5,41.72,13.57,7.78e-07,97.2,4.12565,4.199988484790327,2016.666666666667,1.0703399999999994,604.0,492,fuel_composition_not_within_99.99_to_100.01_pct,110.0,,
472.0,90.0,0.0,10.0,0.0,10.0,0.0,4.06,2100.0,6.5,41.72,14.57,7.78e-07,97.2,4.12565,7.55516802754415,1142.857142857143,1.2543,427.0,493,fuel_composition_not_within_99.99_to_100.01_pct,110.0,,
473.0,90.0,0.0,10.0,0.0,10.0,0.0,6.02,2500.0,6.5,41.72,14.95,7.78e-07,97.2,4.12565,10.292974498447572,832.4022346368714,1.4733399999999994,375.0,494,fuel_composition_not_within_99.99_to_100.01_pct,110.0,,
474.0,90.0,0.0,10.0,0.0,10.0,0.0,7.04,2900.0,6.5,41.72,14.65,7.78e-07,97.2,4.12565,11.091531199094797,776.6990291262135,1.7113399999999999,368.0,495,fuel_composition_not_within_99.99_to_100.01_pct,110.0,,
475.0,90.0,0.0,10.0,0.0,10.0,0.0,7.98,3300.0,6.5,41.72,16.17,7.78e-07,97.2,4.12565,12.212374938649726,705.0691244239632,2.2423399999999996,232.0,496,fuel_composition_not_within_99.99_to_100.01_pct,110.0,,
476.0,90.0,0.0,10.0,0.0,10.0,0.0,2.01,1700.0,7.5,41.72,12.88,7.78e-07,97.2,4.12565,4.255250642179134,2000.0,0.9725599999999994,568.0,497,fuel_composition_not_within_99.99_to_100.01_pct,110.0,,
477.0,90.0,0.0,10.0,0.0,10.0,0.0,4.07,2100.0,7.5,41.72,14.46,7.78e-07,97.2,4.12565,7.639092725661419,1133.333333333333,1.1985,350.0,498,fuel_composition_not_within_99.99_to_100.01_pct,110.0,,
478.0,90.0,0.0,10.0,0.0,10.0,0.0,6.01,2500.0,7.5,41.72,17.8,7.78e-07,97.2,4.12565,10.360152995145967,831.4606741573034,1.4568,324.0,499,fuel_composition_not_within_99.99_to_100.01_pct,110.0,,
479.0,90.0,0.0,10.0,0.0,10.0,0.0,7.09,2900.0,7.5,41.72,15.92,7.78e-07,97.2,4.12565,11.24644902437567,764.423076923077,1.6135599999999992,272.0,500,fuel_composition_not_within_99.99_to_100.01_pct,110.0,,
480.0,90.0,0.0,10.0,0.0,10.0,0.0,8.06,3300.0,7.5,41.72,14.87,7.78e-07,97.2,4.12565,12.34119869292269,693.6936936936936,2.14456,217.0,501,fuel_composition_not_within_99.99_to_100.01_pct,110.0,,
617.0,62.8,12.5,0.0,0.0,26.4,0.0,4.259323167090469,1700.0,9.7,35.4,11.22,3.22e-06,99.2,2.76,28.75347354474039,397.6226504611958,3.177908976586973,286.6096148559412,638,fuel_composition_not_within_99.99_to_100.01_pct,101.69999999999999,,
618.0,62.8,12.5,0.0,0.0,26.4,0.0,5.004909648522032,2100.0,9.7,35.4,11.22,3.22e-06,99.2,2.76,33.88865722964879,323.8370776150103,1.785242003128355,130.4236704391959,639,fuel_composition_not_within_99.99_to_100.01_pct,101.69999999999999,,
619.0,62.8,12.5,0.0,0.0,26.4,0.0,5.66763967219248,2500.0,9.7,35.4,11.22,3.22e-06,99.2,2.76,34.81610521423951,305.5569776866748,1.053014076907291,75.09042465692984,640,fuel_composition_not_within_99.99_to_100.01_pct,101.69999999999999,,
620.0,62.8,12.5,0.0,0.0,26.4,0.0,6.253821723442199,2900.0,9.7,35.4,11.22,3.22e-06,99.2,2.76,37.66952820604111,275.2819880095251,0.7778044587188275,41.35367643187033,641,fuel_composition_not_within_99.99_to_100.01_pct,101.69999999999999,,
621.0,62.8,12.5,0.0,0.0,26.4,0.0,6.769346030495157,3300.0,9.7,35.4,11.22,3.22e-06,99.2,2.76,36.0172176916504,286.7637968318676,0.5722453401133021,26.98998980803736,642,fuel_composition_not_within_99.99_to_100.01_pct,101.69999999999999,,
717.0,62.8,12.5,26.4,0.0,0.0,0.0,4.259323167090469,1700.0,9.7,37.59999999999999,11.52,3.9e-06,100.4,2.38,29.66253871745121,383.2332726023973,3.0562379017943,267.8472108644843,738,fuel_composition_not_within_99.99_to_100.01_pct,101.69999999999999,,
718.0,62.8,12.5,26.4,0.0,0.0,0.0,5.004909648522032,2100.0,9.7,37.59999999999999,11.52,3.9e-06,100.4,2.38,34.63139338788691,312.8061504692514,1.720055495501102,126.7114377499654,739,fuel_composition_not_within_99.99_to_100.01_pct,101.69999999999999,,
719.0,62.8,12.5,26.4,0.0,0.0,0.0,5.66763967219248,2500.0,9.7,37.59999999999999,11.52,3.9e-06,100.4,2.38,35.9508402056714,292.8105478410844,1.031556542669764,70.30218118153702,740,fuel_composition_not_within_99.99_to_100.01_pct,101.69999999999999,,
720.0,62.8,12.5,26.4,0.0,0.0,0.0,6.253821723442199,2900.0,9.7,37.59999999999999,11.52,3.9e-06,100.4,2.38,38.53768724821681,268.9226057431313,0.761844288829116,38.95247576340468,741,fuel_composition_not_within_99.99_to_100.01_pct,101.69999999999999,,
721.0,62.8,12.5,26.4,0.0,0.0,0.0,6.769346030495157,3300.0,9.7,37.59999999999999,11.52,3.9e-06,100.4,2.38,37.146311167074,274.1693212865622,0.5568857766093286,25.1870296077958,742,fuel_composition_not_within_99.99_to_100.01_pct,101.69999999999999,,
817.0,62.8,12.5,0.0,26.4,0.0,0.0,4.259323167090469,1700.0,9.7,36.3,13.52,2.14e-06,95.4,14.6,29.28561492682319,394.4184747291075,3.14946606981096,300.3795372137361,838,fuel_composition_not_within_99.99_to_100.01_pct,101.69999999999999,,
818.0,62.8,12.5,0.0,26.4,0.0,0.0,5.004909648522032,2100.0,9.7,36.3,13.52,2.14e-06,95.4,14.6,34.39001781624364,324.9505717821302,1.815420843765946,139.6124130085859,839,fuel_composition_not_within_99.99_to_100.01_pct,101.69999999999999,,
819.0,62.8,12.5,0.0,26.4,0.0,0.0,5.66763967219248,2500.0,9.7,36.3,13.52,2.14e-06,95.4,14.6,35.16890067414062,304.2611892188946,1.079169787367998,78.55967449196642,840,fuel_composition_not_within_99.99_to_100.01_pct,101.69999999999999,,
820.0,62.8,12.5,0.0,26.4,0.0,0.0,6.253821723442199,2900.0,9.7,36.3,13.52,2.14e-06,95.4,14.6,37.51167529073231,279.0486561319822,0.8095545235567568,42.70542649938947,841,fuel_composition_not_within_99.99_to_100.01_pct,101.69999999999999,,
821.0,62.8,12.5,0.0,26.4,0.0,0.0,6.769346030495157,3300.0,9.7,36.3,13.52,2.14e-06,95.4,14.6,36.13132323403433,289.4770595212865,0.5713570569477454,28.58737921525171,842,fuel_composition_not_within_99.99_to_100.01_pct,101.69999999999999,,
827.0,90.0,10.0,0.0,0.0,0.0,0.0,4.259323167090469,1700.0,9.7,33.5,13.2,1.9e-06,97.0,17.0,27.36349387147628,335.0930076082109,6.909293405039519,505.1499615031134,848,exact_duplicate_model_record,100.0,100.0,90.0|10.0|0.0|0.0|0.0|0.0
828.0,90.0,10.0,0.0,0.0,0.0,0.0,5.004909648522032,2100.0,9.7,33.5,13.2,1.9e-06,97.0,17.0,32.57041420487499,274.9798683265165,4.761405116782035,294.2237963376773,849,exact_duplicate_model_record,100.0,100.0,90.0|10.0|0.0|0.0|0.0|0.0
829.0,90.0,10.0,0.0,0.0,0.0,0.0,5.66763967219248,2500.0,9.7,33.5,13.2,1.9e-06,97.0,17.0,34.7794685728995,251.5844033298095,2.507350143277217,183.093870251977,850,exact_duplicate_model_record,100.0,100.0,90.0|10.0|0.0|0.0|0.0|0.0
830.0,90.0,10.0,0.0,0.0,0.0,0.0,6.253821723442199,2900.0,9.7,33.5,13.2,1.9e-06,97.0,17.0,36.27714496694485,233.4320317305771,1.53927998597648,122.5205788625504,851,exact_duplicate_model_record,100.0,100.0,90.0|10.0|0.0|0.0|0.0|0.0
831.0,90.0,10.0,0.0,0.0,0.0,0.0,6.769346030495157,3300.0,9.7,33.5,13.2,1.9e-06,97.0,17.0,34.56897489772369,244.9682297032685,1.224560187399383,79.20260839782324,852,exact_duplicate_model_record,100.0,100.0,90.0|10.0|0.0|0.0|0.0|0.0
832.0,91.65,5.0,0.0,3.35,0.0,0.0,4.259323167090469,1700.0,9.7,33.85530303030303,13.24060606060606,1.930454545454546e-06,96.7969696969697,16.69545454545455,27.39585024076172,332.8594250081236,7.169388716624933,487.4118368754765,853,exact_duplicate_model_record,100.0,100.0,91.6|5.0|0.0|3.4|0.0|0.0
833.0,91.65,5.0,0.0,3.35,0.0,0.0,5.004909648522032,2100.0,9.7,33.85530303030303,13.24060606060606,1.930454545454546e-06,96.7969696969697,16.69545454545455,32.54365661223354,274.1600081395166,4.887361919835491,293.5765460248884,854,exact_duplicate_model_record,100.0,100.0,91.6|5.0|0.0|3.4|0.0|0.0
834.0,91.65,5.0,0.0,3.35,0.0,0.0,5.66763967219248,2500.0,9.7,33.85530303030303,13.24060606060606,1.930454545454546e-06,96.7969696969697,16.69545454545455,34.39165143064812,252.6202937272719,2.546060028534888,185.5916025492901,855,exact_duplicate_model_record,100.0,100.0,91.6|5.0|0.0|3.4|0.0|0.0
835.0,91.65,5.0,0.0,3.35,0.0,0.0,6.253821723442199,2900.0,9.7,33.85530303030303,13.24060606060606,1.930454545454546e-06,96.7969696969697,16.69545454545455,35.71663340420685,231.8307329409326,1.649274946194373,127.6220856695545,856,exact_duplicate_model_record,100.0,100.0,91.6|5.0|0.0|3.4|0.0|0.0
836.0,91.65,5.0,0.0,3.35,0.0,0.0,6.769346030495157,3300.0,9.7,33.85530303030303,13.24060606060606,1.930454545454546e-06,96.7969696969697,16.69545454545455,34.78168935937981,243.2385798274123,1.228265414090029,81.3452273173957,857,exact_duplicate_model_record,100.0,100.0,91.6|5.0|0.0|3.4|0.0|0.0
837.0,92.5,2.5,0.0,5.0,0.0,0.0,4.259323167090469,1700.0,9.7,34.03030303030303,13.26060606060606,1.945454545454545e-06,96.6969696969697,16.54545454545455,27.33819864300994,334.6112482185231,7.075807739351793,492.8792162733851,858,exact_duplicate_model_record,100.0,100.0,92.5|2.5|0.0|5.0|0.0|0.0
838.0,92.5,2.5,0.0,5.0,0.0,0.0,5.004909648522032,2100.0,9.7,34.03030303030303,13.26060606060606,1.945454545454545e-06,96.6969696969697,16.54545454545455,32.22735269622817,271.4792987243425,4.979470721852706,295.6541270182518,859,exact_duplicate_model_record,100.0,100.0,92.5|2.5|0.0|5.0|0.0|0.0
839.0,92.5,2.5,0.0,5.0,0.0,0.0,5.66763967219248,2500.0,9.7,34.03030303030303,13.26060606060606,1.945454545454545e-06,96.6969696969697,16.54545454545455,34.04228471724736,250.5413536447514,2.658654624911812,186.3941874247422,860,exact_duplicate_model_record,100.0,100.0,92.5|2.5|0.0|5.0|0.0|0.0
840.0,92.5,2.5,0.0,5.0,0.0,0.0,6.253821723442199,2900.0,9.7,34.03030303030303,13.26060606060606,1.945454545454545e-06,96.6969696969697,16.54545454545455,36.06458799456097,229.7133568230247,1.7081426901887,130.2126644814086,861,exact_duplicate_model_record,100.0,100.0,92.5|2.5|0.0|5.0|0.0|0.0
841.0,92.5,2.5,0.0,5.0,0.0,0.0,6.769346030495157,3300.0,9.7,34.03030303030303,13.26060606060606,1.945454545454545e-06,96.6969696969697,16.54545454545455,34.76421368004094,244.4622428405409,1.271336079922092,84.78457984026265,862,exact_duplicate_model_record,100.0,100.0,92.5|2.5|0.0|5.0|0.0|0.0
842.0,93.35,0.0,0.0,6.65,0.0,0.0,4.259323167090469,1700.0,9.7,34.20530303030303,13.28060606060606,1.960454545454545e-06,96.5969696969697,16.39545454545454,27.52925725311599,340.2287644022207,7.150396072969197,492.1019066571982,863,exact_duplicate_model_record,100.0,100.0,93.4|0.0|0.0|6.6|0.0|0.0
843.0,93.35,0.0,0.0,6.65,0.0,0.0,5.004909648522032,2100.0,9.7,34.20530303030303,13.28060606060606,1.960454545454545e-06,96.5969696969697,16.39545454545454,32.21692797712416,275.8752136706146,4.98382233656259,294.9606380310238,864,exact_duplicate_model_record,100.0,100.0,93.4|0.0|0.0|6.6|0.0|0.0
844.0,93.35,0.0,0.0,6.65,0.0,0.0,5.66763967219248,2500.0,9.7,34.20530303030303,13.28060606060606,1.960454545454545e-06,96.5969696969697,16.39545454545454,34.10259569571613,251.2229890165949,2.69380283706703,187.1935106374378,865,exact_duplicate_model_record,100.0,100.0,93.4|0.0|0.0|6.6|0.0|0.0
845.0,93.35,0.0,0.0,6.65,0.0,0.0,6.253821723442199,2900.0,9.7,34.20530303030303,13.28060606060606,1.960454545454545e-06,96.5969696969697,16.39545454545454,36.39097152665623,226.6073468500214,1.733473873947334,134.4459607712409,866,exact_duplicate_model_record,100.0,100.0,93.4|0.0|0.0|6.6|0.0|0.0
846.0,93.35,0.0,0.0,6.65,0.0,0.0,6.769346030495157,3300.0,9.7,34.20530303030303,13.28060606060606,1.960454545454545e-06,96.5969696969697,16.39545454545454,34.41926250837277,246.9655207699494,1.308311301160606,89.69804410084305,867,exact_duplicate_model_record,100.0,100.0,93.4|0.0|0.0|6.6|0.0|0.0
847.0,80.0,20.0,0.0,0.0,0.0,0.0,4.259323167090469,1700.0,9.7,33.5,13.2,1.9e-06,97.0,17.0,28.87148228696741,329.2370905220879,6.228677345994396,469.9146005384591,868,exact_duplicate_model_record,100.0,100.0,80.0|20.0|0.0|0.0|0.0|0.0
848.0,80.0,20.0,0.0,0.0,0.0,0.0,5.004909648522032,2100.0,9.7,33.5,13.2,1.9e-06,97.0,17.0,34.73285713333276,260.8004907883129,3.949475023861571,272.9274193030813,869,exact_duplicate_model_record,100.0,100.0,80.0|20.0|0.0|0.0|0.0|0.0
849.0,80.0,20.0,0.0,0.0,0.0,0.0,5.66763967219248,2500.0,9.7,33.5,13.2,1.9e-06,97.0,17.0,35.50734705316069,245.4496691959286,1.980724621223141,164.230697709728,870,exact_duplicate_model_record,100.0,100.0,80.0|20.0|0.0|0.0|0.0|0.0
850.0,80.0,20.0,0.0,0.0,0.0,0.0,6.253821723442199,2900.0,9.7,33.5,13.2,1.9e-06,97.0,17.0,37.00388685216698,229.5991821608447,1.306542135432162,105.876793364377,871,exact_duplicate_model_record,100.0,100.0,80.0|20.0|0.0|0.0|0.0|0.0
851.0,80.0,20.0,0.0,0.0,0.0,0.0,6.769346030495157,3300.0,9.7,33.5,13.2,1.9e-06,97.0,17.0,35.92581703218003,243.5258507927762,1.07834937096389,73.01824602260407,872,exact_duplicate_model_record,100.0,100.0,80.0|20.0|0.0|0.0|0.0|0.0
852.0,83.39833983398341,10.001000100010003,0.0,6.6006600660066015,0.0,0.0,4.259323167090469,1700.0,9.7,34.2,13.28,1.96e-06,96.6,16.4,28.91981934721444,323.2172396719168,6.115206293877633,460.5321789876332,873,exact_duplicate_model_record,99.99,100.00000000000001,83.4|10.0|0.0|6.6|0.0|0.0
853.0,83.39833983398341,10.001000100010003,0.0,6.6006600660066015,0.0,0.0,5.004909648522032,2100.0,9.7,34.2,13.28,1.96e-06,96.6,16.4,35.14454413245103,259.089953099054,4.061215046322892,265.0919570538264,874,exact_duplicate_model_record,99.99,100.00000000000001,83.4|10.0|0.0|6.6|0.0|0.0
854.0,83.39833983398341,10.001000100010003,0.0,6.6006600660066015,0.0,0.0,5.66763967219248,2500.0,9.7,34.2,13.28,1.96e-06,96.6,16.4,35.75118964775641,240.8370018613743,1.995050613361402,163.5760848893242,875,exact_duplicate_model_record,99.99,100.00000000000001,83.4|10.0|0.0|6.6|0.0|0.0
855.0,83.39833983398341,10.001000100010003,0.0,6.6006600660066015,0.0,0.0,6.253821723442199,2900.0,9.7,34.2,13.28,1.96e-06,96.6,16.4,37.43904833456287,224.2550079617509,1.292129864966413,102.0155225443172,876,exact_duplicate_model_record,99.99,100.00000000000001,83.4|10.0|0.0|6.6|0.0|0.0
856.0,83.39833983398341,10.001000100010003,0.0,6.6006600660066015,0.0,0.0,6.769346030495157,3300.0,9.7,34.2,13.28,1.96e-06,96.6,16.4,36.16290266670077,239.1639985982037,1.086731528527265,71.45472933712145,877,exact_duplicate_model_record,99.99,100.00000000000001,83.4|10.0|0.0|6.6|0.0|0.0
857.0,85.0,5.0,0.0,10.0,0.0,0.0,4.259323167090469,1700.0,9.7,34.56060606060606,13.32121212121212,1.990909090909091e-06,96.39393939393939,16.09090909090909,29.14986812089382,320.0401978777779,6.287833144472446,441.6711820015249,878,exact_duplicate_model_record,100.0,100.0,85.0|5.0|0.0|10.0|0.0|0.0
858.0,85.0,5.0,0.0,10.0,0.0,0.0,5.004909648522032,2100.0,9.7,34.56060606060606,13.32121212121212,1.990909090909091e-06,96.39393939393939,16.09090909090909,35.03428517278974,258.1531483792649,4.124608165720687,259.527949752385,879,exact_duplicate_model_record,100.0,100.0,85.0|5.0|0.0|10.0|0.0|0.0
859.0,85.0,5.0,0.0,10.0,0.0,0.0,5.66763967219248,2500.0,9.7,34.56060606060606,13.32121212121212,1.990909090909091e-06,96.39393939393939,16.09090909090909,36.10012853054614,240.7322078388182,2.056478513180305,156.4836239380469,880,exact_duplicate_model_record,100.0,100.0,85.0|5.0|0.0|10.0|0.0|0.0
860.0,85.0,5.0,0.0,10.0,0.0,0.0,6.253821723442199,2900.0,9.7,34.56060606060606,13.32121212121212,1.990909090909091e-06,96.39393939393939,16.09090909090909,37.00810369855771,220.3906779485132,1.326971451789487,104.1067846504456,881,exact_duplicate_model_record,100.0,100.0,85.0|5.0|0.0|10.0|0.0|0.0
861.0,85.0,5.0,0.0,10.0,0.0,0.0,6.769346030495157,3300.0,9.7,34.56060606060606,13.32121212121212,1.990909090909091e-06,96.39393939393939,16.09090909090909,35.8369915316599,240.6700978966582,1.087960302250596,74.53432127635384,882,exact_duplicate_model_record,100.0,100.0,85.0|5.0|0.0|10.0|0.0|0.0
862.0,86.81,0.0,0.0,13.19,0.0,0.0,4.259323167090469,1700.0,9.7,34.89893939393939,13.35987878787879,2.019909090909091e-06,96.20060606060606,15.80090909090909,29.07933164197691,327.2434388431195,6.288079892841631,437.9670234748177,883,exact_duplicate_model_record,100.0,100.0,86.8|0.0|0.0|13.2|0.0|0.0
863.0,86.81,0.0,0.0,13.19,0.0,0.0,5.004909648522032,2100.0,9.7,34.89893939393939,13.35987878787879,2.019909090909091e-06,96.20060606060606,15.80090909090909,35.04292372614913,258.6961897448468,4.149713541639764,261.865435927587,884,exact_duplicate_model_record,100.0,100.0,86.8|0.0|0.0|13.2|0.0|0.0
864.0,86.81,0.0,0.0,13.19,0.0,0.0,5.66763967219248,2500.0,9.7,34.89893939393939,13.35987878787879,2.019909090909091e-06,96.20060606060606,15.80090909090909,35.58083793103153,236.5506213741883,2.131091925713423,155.2043704535187,885,exact_duplicate_model_record,100.0,100.0,86.8|0.0|0.0|13.2|0.0|0.0
865.0,86.81,0.0,0.0,13.19,0.0,0.0,6.253821723442199,2900.0,9.7,34.89893939393939,13.35987878787879,2.019909090909091e-06,96.20060606060606,15.80090909090909,37.31994336591,225.4847322409497,1.348445949925355,104.3191354347919,886,exact_duplicate_model_record,100.0,100.0,86.8|0.0|0.0|13.2|0.0|0.0
866.0,86.81,0.0,0.0,13.19,0.0,0.0,6.769346030495157,3300.0,9.7,34.89893939393939,13.35987878787879,2.019909090909091e-06,96.20060606060606,15.80090909090909,36.81703064023546,234.9139462175063,1.106656688753287,77.30922910745596,887,exact_duplicate_model_record,100.0,100.0,86.8|0.0|0.0|13.2|0.0|0.0
867.0,70.0,30.0,0.0,0.0,0.0,0.0,4.259323167090469,1700.0,9.7,33.5,13.2,1.9e-06,97.0,17.0,30.77376679556585,347.9441977460726,5.006058111414408,438.122061386117,888,exact_duplicate_model_record,100.0,100.0,70.0|30.0|0.0|0.0|0.0|0.0
868.0,70.0,30.0,0.0,0.0,0.0,0.0,5.004909648522032,2100.0,9.7,33.5,13.2,1.9e-06,97.0,17.0,36.07144847128612,276.269888491751,3.243622097308323,234.0396171104605,889,exact_duplicate_model_record,100.0,100.0,70.0|30.0|0.0|0.0|0.0|0.0
869.0,70.0,30.0,0.0,0.0,0.0,0.0,5.66763967219248,2500.0,9.7,33.5,13.2,1.9e-06,97.0,17.0,37.48629509321562,252.5415298093042,1.522944481280817,131.6765506899991,890,exact_duplicate_model_record,100.0,100.0,70.0|30.0|0.0|0.0|0.0|0.0
870.0,70.0,30.0,0.0,0.0,0.0,0.0,6.253821723442199,2900.0,9.7,33.5,13.2,1.9e-06,97.0,17.0,39.60904526736289,236.6848929557644,1.167078364090347,85.39996245494712,891,exact_duplicate_model_record,100.0,100.0,70.0|30.0|0.0|0.0|0.0|0.0
871.0,70.0,30.0,0.0,0.0,0.0,0.0,6.769346030495157,3300.0,9.7,33.5,13.2,1.9e-06,97.0,17.0,38.202444172025,255.0765272588652,0.9004486088846674,54.66404484620927,892,exact_duplicate_model_record,100.0,100.0,70.0|30.0|0.0|0.0|0.0|0.0
872.0,75.0,15.0,0.0,10.0,0.0,0.0,4.259323167090469,1700.0,9.7,34.56060606060606,13.32121212121212,1.990909090909091e-06,96.39393939393939,16.09090909090909,30.92678206740333,341.0700407151487,4.9411170461889,411.4190619729334,893,exact_duplicate_model_record,100.0,100.0,75.0|15.0|0.0|10.0|0.0|0.0
873.0,75.0,15.0,0.0,10.0,0.0,0.0,5.004909648522032,2100.0,9.7,34.56060606060606,13.32121212121212,1.990909090909091e-06,96.39393939393939,16.09090909090909,36.82364871818822,271.4096716615222,3.307208248499099,220.0168192134258,894,exact_duplicate_model_record,100.0,100.0,75.0|15.0|0.0|10.0|0.0|0.0
874.0,75.0,15.0,0.0,10.0,0.0,0.0,5.66763967219248,2500.0,9.7,34.56060606060606,13.32121212121212,1.990909090909091e-06,96.39393939393939,16.09090909090909,37.89426296727962,248.9580716650877,1.588545466754234,129.5127899204596,895,exact_duplicate_model_record,100.0,100.0,75.0|15.0|0.0|10.0|0.0|0.0
875.0,75.0,15.0,0.0,10.0,0.0,0.0,6.253821723442199,2900.0,9.7,34.56060606060606,13.32121212121212,1.990909090909091e-06,96.39393939393939,16.09090909090909,39.62829607000369,234.4505666860602,1.162272999805902,81.64548162120548,896,exact_duplicate_model_record,100.0,100.0,75.0|15.0|0.0|10.0|0.0|0.0
876.0,75.0,15.0,0.0,10.0,0.0,0.0,6.769346030495157,3300.0,9.7,34.56060606060606,13.32121212121212,1.990909090909091e-06,96.39393939393939,16.09090909090909,39.25130248885264,243.796378564815,0.8864586754092628,52.99552962896545,897,exact_duplicate_model_record,100.0,100.0,75.0|15.0|0.0|10.0|0.0|0.0
877.0,77.7,7.5,0.0,14.8,0.0,0.0,4.259323167090469,1700.0,9.7,35.06969696969697,13.37939393939394,2.034545454545455e-06,96.10303030303031,15.65454545454545,31.38956142897932,336.1673101741209,4.98312059376843,397.3315345034604,898,exact_duplicate_model_record,100.0,100.0,77.7|7.5|0.0|14.8|0.0|0.0
878.0,77.7,7.5,0.0,14.8,0.0,0.0,5.004909648522032,2100.0,9.7,35.06969696969697,13.37939393939394,2.034545454545455e-06,96.10303030303031,15.65454545454545,36.02317242444819,273.0404414999845,3.470541318763505,216.3178362713579,899,exact_duplicate_model_record,100.0,100.0,77.7|7.5|0.0|14.8|0.0|0.0
879.0,77.7,7.5,0.0,14.8,0.0,0.0,5.66763967219248,2500.0,9.7,35.06969696969697,13.37939393939394,2.034545454545455e-06,96.10303030303031,15.65454545454545,37.74630583000517,250.031286042262,1.612777695925441,127.9932353882955,900,exact_duplicate_model_record,100.0,100.0,77.7|7.5|0.0|14.8|0.0|0.0
880.0,77.7,7.5,0.0,14.8,0.0,0.0,6.253821723442199,2900.0,9.7,35.06969696969697,13.37939393939394,2.034545454545455e-06,96.10303030303031,15.65454545454545,39.39125167301913,231.997736281051,1.150982378385674,83.25114333924076,901,exact_duplicate_model_record,100.0,100.0,77.7|7.5|0.0|14.8|0.0|0.0
881.0,77.7,7.5,0.0,14.8,0.0,0.0,6.769346030495157,3300.0,9.7,35.06969696969697,13.37939393939394,2.034545454545455e-06,96.10303030303031,15.65454545454545,39.114967625435,241.3425066478767,0.899894557691288,56.06547627738205,902,exact_duplicate_model_record,100.0,100.0,77.7|7.5|0.0|14.8|0.0|0.0
882.0,80.0,0.0,0.0,20.0,0.0,0.0,4.259323167090469,1700.0,9.7,35.62121212121212,13.44242424242424,2.081818181818182e-06,95.78787878787878,15.18181818181818,30.62080131437218,330.8412088551372,5.088159261906679,392.1101973355478,903,exact_duplicate_model_record,100.0,100.0,80.0|0.0|0.0|20.0|0.0|0.0
883.0,80.0,0.0,0.0,20.0,0.0,0.0,5.004909648522032,2100.0,9.7,35.62121212121212,13.44242424242424,2.081818181818182e-06,95.78787878787878,15.18181818181818,36.75162511056362,272.2630374030982,3.428980378882881,211.4565227756173,904,exact_duplicate_model_record,100.0,100.0,80.0|0.0|0.0|20.0|0.0|0.0
884.0,80.0,0.0,0.0,20.0,0.0,0.0,5.66763967219248,2500.0,9.7,35.62121212121212,13.44242424242424,2.081818181818182e-06,95.78787878787878,15.18181818181818,37.17563111275979,243.1919697511576,1.632764361570472,129.693554979091,905,exact_duplicate_model_record,100.0,100.0,80.0|0.0|0.0|20.0|0.0|0.0
885.0,80.0,0.0,0.0,20.0,0.0,0.0,6.253821723442199,2900.0,9.7,35.62121212121212,13.44242424242424,2.081818181818182e-06,95.78787878787878,15.18181818181818,39.88528926796682,224.4645831939268,1.15660936892963,81.47496632831051,906,exact_duplicate_model_record,100.0,100.0,80.0|0.0|0.0|20.0|0.0|0.0
886.0,80.0,0.0,0.0,20.0,0.0,0.0,6.769346030495157,3300.0,9.7,35.62121212121212,13.44242424242424,2.081818181818182e-06,95.78787878787878,15.18181818181818,38.45931675069664,243.0427557758573,0.900372938356146,55.56152871747289,907,exact_duplicate_model_record,100.0,100.0,80.0|0.0|0.0|20.0|0.0|0.0
887.0,60.0,40.0,0.0,0.0,0.0,0.0,4.259323167090469,1700.0,9.7,33.5,13.2,1.9e-06,97.0,17.0,28.79133420290874,365.3599777314948,4.019191638678936,396.1780104975289,908,exact_duplicate_model_record,100.0,100.0,60.0|40.0|0.0|0.0|0.0|0.0
888.0,60.0,40.0,0.0,0.0,0.0,0.0,5.004909648522032,2100.0,9.7,33.5,13.2,1.9e-06,97.0,17.0,34.48289428189138,294.8877104524698,2.519827647917264,204.8466335087597,909,exact_duplicate_model_record,100.0,100.0,60.0|40.0|0.0|0.0|0.0|0.0
889.0,60.0,40.0,0.0,0.0,0.0,0.0,5.66763967219248,2500.0,9.7,33.5,13.2,1.9e-06,97.0,17.0,35.21333998646826,282.4086858845085,1.353130242607094,104.5126143043917,910,exact_duplicate_model_record,100.0,100.0,60.0|40.0|0.0|0.0|0.0|0.0
890.0,60.0,40.0,0.0,0.0,0.0,0.0,6.253821723442199,2900.0,9.7,33.5,13.2,1.9e-06,97.0,17.0,36.73836064438437,275.8202488684636,0.9547685847996122,60.96042349998919,911,exact_duplicate_model_record,100.0,100.0,60.0|40.0|0.0|0.0|0.0|0.0
891.0,60.0,40.0,0.0,0.0,0.0,0.0,6.769346030495157,3300.0,9.7,33.5,13.2,1.9e-06,97.0,17.0,35.9522771098045,280.1113421603619,0.793981600933636,39.7601436713195,912,exact_duplicate_model_record,100.0,100.0,60.0|40.0|0.0|0.0|0.0|0.0
892.0,67.0,20.0,0.0,13.0,0.0,0.0,4.259323167090469,1700.0,9.7,34.87878787878788,13.35757575757576,2.018181818181818e-06,96.21212121212122,15.81818181818182,28.2586218605868,360.2522540932204,3.903975888745768,366.688682796697,913,exact_duplicate_model_record,100.0,100.0,67.0|20.0|0.0|13.0|0.0|0.0
893.0,67.0,20.0,0.0,13.0,0.0,0.0,5.004909648522032,2100.0,9.7,34.87878787878788,13.35757575757576,2.018181818181818e-06,96.21212121212122,15.81818181818182,35.64975606690774,284.9252657205603,2.556047969298636,192.4129106626733,914,exact_duplicate_model_record,100.0,100.0,67.0|20.0|0.0|13.0|0.0|0.0
894.0,67.0,20.0,0.0,13.0,0.0,0.0,5.66763967219248,2500.0,9.7,34.87878787878788,13.35757575757576,2.018181818181818e-06,96.21212121212122,15.81818181818182,36.28345162665433,277.5014163099227,1.281830019148992,102.1699570575803,915,exact_duplicate_model_record,100.0,100.0,67.0|20.0|0.0|13.0|0.0|0.0
895.0,67.0,20.0,0.0,13.0,0.0,0.0,6.253821723442199,2900.0,9.7,34.87878787878788,13.35757575757576,2.018181818181818e-06,96.21212121212122,15.81818181818182,38.00282811613761,262.2489595596302,0.9111840442586575,61.30435617173406,916,exact_duplicate_model_record,100.0,100.0,67.0|20.0|0.0|13.0|0.0|0.0
896.0,67.0,20.0,0.0,13.0,0.0,0.0,6.769346030495157,3300.0,9.7,34.87878787878788,13.35757575757576,2.018181818181818e-06,96.21212121212122,15.81818181818182,36.65738149469356,268.3777082724546,0.7676826488906163,39.52386311217471,917,exact_duplicate_model_record,100.0,100.0,67.0|20.0|0.0|13.0|0.0|0.0
897.0,70.0,10.0,0.0,20.0,0.0,0.0,4.259323167090469,1700.0,9.7,35.62121212121212,13.44242424242424,2.081818181818182e-06,95.78787878787878,15.18181818181818,29.39128577726378,360.3771457824388,3.874163682562477,350.8110793436586,918,exact_duplicate_model_record,100.0,100.0,70.0|10.0|0.0|20.0|0.0|0.0
898.0,70.0,10.0,0.0,20.0,0.0,0.0,5.004909648522032,2100.0,9.7,35.62121212121212,13.44242424242424,2.081818181818182e-06,95.78787878787878,15.18181818181818,35.56532241043399,282.7751693650587,2.590780606499155,181.5576653504851,919,exact_duplicate_model_record,100.0,100.0,70.0|10.0|0.0|20.0|0.0|0.0
899.0,70.0,10.0,0.0,20.0,0.0,0.0,5.66763967219248,2500.0,9.7,35.62121212121212,13.44242424242424,2.081818181818182e-06,95.78787878787878,15.18181818181818,37.02789803908414,268.85871488594,1.276134719517705,97.66604069259837,920,exact_duplicate_model_record,100.0,100.0,70.0|10.0|0.0|20.0|0.0|0.0
900.0,70.0,10.0,0.0,20.0,0.0,0.0,6.253821723442199,2900.0,9.7,35.62121212121212,13.44242424242424,2.081818181818182e-06,95.78787878787878,15.18181818181818,38.06138228214876,259.3282018746619,0.9028514038233886,62.92172365187496,921,exact_duplicate_model_record,100.0,100.0,70.0|10.0|0.0|20.0|0.0|0.0
901.0,70.0,10.0,0.0,20.0,0.0,0.0,6.769346030495157,3300.0,9.7,35.62121212121212,13.44242424242424,2.081818181818182e-06,95.78787878787878,15.18181818181818,36.79993007530528,264.7102613020917,0.753593470445693,38.78814271730639,922,exact_duplicate_model_record,100.0,100.0,70.0|10.0|0.0|20.0|0.0|0.0
902.0,73.7,0.0,0.0,26.3,0.0,0.0,4.259323167090469,1700.0,9.7,36.28939393939394,13.51878787878788,2.139090909090909e-06,95.4060606060606,14.60909090909091,29.68791600928457,355.7192759167428,3.839094209808826,330.7606505634676,923,exact_duplicate_model_record,100.0,100.0,73.7|0.0|0.0|26.3|0.0|0.0
903.0,73.7,0.0,0.0,26.3,0.0,0.0,5.004909648522032,2100.0,9.7,36.28939393939394,13.51878787878788,2.139090909090909e-06,95.4060606060606,14.60909090909091,35.71315173616291,277.3434344212313,2.628571456819562,174.7504805607024,924,exact_duplicate_model_record,100.0,100.0,73.7|0.0|0.0|26.3|0.0|0.0
904.0,73.7,0.0,0.0,26.3,0.0,0.0,5.66763967219248,2500.0,9.7,36.28939393939394,13.51878787878788,2.139090909090909e-06,95.4060606060606,14.60909090909091,37.27339226291707,263.0867655152812,1.251866040714155,96.54926001844998,925,exact_duplicate_model_record,100.0,100.0,73.7|0.0|0.0|26.3|0.0|0.0
905.0,73.7,0.0,0.0,26.3,0.0,0.0,6.253821723442199,2900.0,9.7,36.28939393939394,13.51878787878788,2.139090909090909e-06,95.4060606060606,14.60909090909091,38.21507082658205,256.8525287422935,0.8860992297649474,63.37339649280842,926,exact_duplicate_model_record,100.0,100.0,73.7|0.0|0.0|26.3|0.0|0.0
906.0,73.7,0.0,0.0,26.3,0.0,0.0,6.769346030495157,3300.0,9.7,36.28939393939394,13.51878787878788,2.139090909090909e-06,95.4060606060606,14.60909090909091,37.68823946955632,262.0425234679981,0.7739733618317067,37.74834236532994,927,exact_duplicate_model_record,100.0,100.0,73.7|0.0|0.0|26.3|0.0|0.0
907.0,50.0,50.0,0.0,0.0,0.0,0.0,4.259323167090469,1700.0,9.7,33.5,13.2,1.9e-06,97.0,17.0,26.88304553611791,420.3873904382513,3.327852250147375,363.2014286574656,928,exact_duplicate_model_record,100.0,100.0,50.0|50.0|0.0|0.0|0.0|0.0
908.0,50.0,50.0,0.0,0.0,0.0,0.0,5.004909648522032,2100.0,9.7,33.5,13.2,1.9e-06,97.0,17.0,31.93304488651048,339.6456722231766,1.861720966149565,156.9050871164726,929,exact_duplicate_model_record,100.0,100.0,50.0|50.0|0.0|0.0|0.0|0.0
909.0,50.0,50.0,0.0,0.0,0.0,0.0,5.66763967219248,2500.0,9.7,33.5,13.2,1.9e-06,97.0,17.0,33.26873924830437,316.2603792340975,1.103604450825607,90.18290022473285,930,exact_duplicate_model_record,100.0,100.0,50.0|50.0|0.0|0.0|0.0|0.0
910.0,50.0,50.0,0.0,0.0,0.0,0.0,6.253821723442199,2900.0,9.7,33.5,13.2,1.9e-06,97.0,17.0,35.35917142497341,293.3481252541008,0.8623244497271733,41.87832744769307,931,exact_duplicate_model_record,100.0,100.0,50.0|50.0|0.0|0.0|0.0|0.0
911.0,50.0,50.0,0.0,0.0,0.0,0.0,6.769346030495157,3300.0,9.7,33.5,13.2,1.9e-06,97.0,17.0,34.87989280948803,306.4889466180938,0.4255893169777048,29.50939252922551,932,exact_duplicate_model_record,100.0,100.0,50.0|50.0|0.0|0.0|0.0|0.0
912.0,58.5,25.0,0.0,16.5,0.0,0.0,4.259323167090469,1700.0,9.7,35.25,13.4,2.05e-06,96.0,15.5,28.53405384560544,406.7168026177309,3.240350624930697,315.577498171824,933,exact_duplicate_model_record,100.0,100.0,58.5|25.0|0.0|16.5|0.0|0.0
913.0,58.5,25.0,0.0,16.5,0.0,0.0,5.004909648522032,2100.0,9.7,35.25,13.4,2.05e-06,96.0,15.5,33.2166267049156,323.2957758826653,1.782750831163337,143.6859328857919,934,exact_duplicate_model_record,100.0,100.0,58.5|25.0|0.0|16.5|0.0|0.0
914.0,58.5,25.0,0.0,16.5,0.0,0.0,5.66763967219248,2500.0,9.7,35.25,13.4,2.05e-06,96.0,15.5,34.9329631116627,307.7468964983572,1.09426332974739,83.04820293728709,935,exact_duplicate_model_record,100.0,100.0,58.5|25.0|0.0|16.5|0.0|0.0
915.0,58.5,25.0,0.0,16.5,0.0,0.0,6.253821723442199,2900.0,9.7,35.25,13.4,2.05e-06,96.0,15.5,36.97097266248649,281.4085100065141,0.8124967527999981,41.87119640643817,936,exact_duplicate_model_record,100.0,100.0,58.5|25.0|0.0|16.5|0.0|0.0
916.0,58.5,25.0,0.0,16.5,0.0,0.0,6.769346030495157,3300.0,9.7,35.25,13.4,2.05e-06,96.0,15.5,35.96800375424272,291.89421597551,0.5380462980386022,28.50047563309822,937,exact_duplicate_model_record,100.0,100.0,58.5|25.0|0.0|16.5|0.0|0.0
917.0,62.8,12.5,0.0,26.4,0.0,0.0,4.259323167090469,1700.0,9.7,36.3,13.52,2.14e-06,95.4,14.6,29.28561492682319,394.4184747291075,3.14946606981096,300.3795372137361,938,fuel_composition_not_within_99.99_to_100.01_pct,101.69999999999999,,
918.0,62.8,12.5,0.0,26.4,0.0,0.0,5.004909648522032,2100.0,9.7,36.3,13.52,2.14e-06,95.4,14.6,34.39001781624364,324.9505717821302,1.815420843765946,139.6124130085859,939,fuel_composition_not_within_99.99_to_100.01_pct,101.69999999999999,,
919.0,62.8,12.5,0.0,26.4,0.0,0.0,5.66763967219248,2500.0,9.7,36.3,13.52,2.14e-06,95.4,14.6,35.16890067414062,304.2611892188946,1.079169787367998,78.55967449196642,940,fuel_composition_not_within_99.99_to_100.01_pct,101.69999999999999,,
920.0,62.8,12.5,0.0,26.4,0.0,0.0,6.253821723442199,2900.0,9.7,36.3,13.52,2.14e-06,95.4,14.6,37.51167529073231,279.0486561319822,0.8095545235567568,42.70542649938947,941,fuel_composition_not_within_99.99_to_100.01_pct,101.69999999999999,,
921.0,62.8,12.5,0.0,26.4,0.0,0.0,6.769346030495157,3300.0,9.7,36.3,13.52,2.14e-06,95.4,14.6,36.13132323403433,289.4770595212865,0.5713570569477454,28.58737921525171,942,fuel_composition_not_within_99.99_to_100.01_pct,101.69999999999999,,
922.0,67.0,0.0,0.0,33.0,0.0,0.0,4.259323167090469,1700.0,9.7,37.0,13.6,2.2e-06,95.0,14.0,29.39296717401553,400.5302716411165,3.312951089293952,277.6284136924094,943,exact_duplicate_model_record,100.0,100.0,67.0|0.0|0.0|33.0|0.0|0.0
923.0,67.0,0.0,0.0,33.0,0.0,0.0,5.004909648522032,2100.0,9.7,37.0,13.6,2.2e-06,95.0,14.0,34.0691215841734,314.8871164959418,1.890818560486823,133.6737061525903,944,exact_duplicate_model_record,100.0,100.0,67.0|0.0|0.0|33.0|0.0|0.0
924.0,67.0,0.0,0.0,33.0,0.0,0.0,5.66763967219248,2500.0,9.7,37.0,13.6,2.2e-06,95.0,14.0,36.37549645704247,293.8822291895071,1.053811623419203,77.11133022665092,945,exact_duplicate_model_record,100.0,100.0,67.0|0.0|0.0|33.0|0.0|0.0
925.0,67.0,0.0,0.0,33.0,0.0,0.0,6.253821723442199,2900.0,9.7,37.0,13.6,2.2e-06,95.0,14.0,37.77187598623387,271.6176672120683,0.7794437712704012,42.73081515158672,946,exact_duplicate_model_record,100.0,100.0,67.0|0.0|0.0|33.0|0.0|0.0
926.0,67.0,0.0,0.0,33.0,0.0,0.0,6.769346030495157,3300.0,9.7,37.0,13.6,2.2e-06,95.0,14.0,36.37798002401424,286.4689113252049,0.5896641403650257,27.26691449816903,947,exact_duplicate_model_record,100.0,100.0,67.0|0.0|0.0|33.0|0.0|0.0
1092.0,62.8,12.5,0.0,0.0,26.4,0.0,4.259323167090469,1700.0,10.5,35.4,11.22,3.22e-06,99.2,2.76,29.90691563499162,376.6349000642312,2.92032,256.744,1113,fuel_composition_not_within_99.99_to_100.01_pct,101.69999999999999,,
1093.0,62.8,12.5,0.0,0.0,26.4,0.0,5.004909648522032,2100.0,10.5,35.4,11.22,3.22e-06,99.2,2.76,35.23748329707758,303.5357002760816,1.64736,120.064,1114,fuel_composition_not_within_99.99_to_100.01_pct,101.69999999999999,,
1094.0,62.8,12.5,0.0,0.0,26.4,0.0,5.66763967219248,2500.0,10.5,35.4,11.22,3.22e-06,99.2,2.76,36.48404073974591,285.8995665068864,0.99216,67.536,1115,fuel_composition_not_within_99.99_to_100.01_pct,101.69999999999999,,
1095.0,62.8,12.5,0.0,0.0,26.4,0.0,6.253821723442199,2900.0,10.5,35.4,11.22,3.22e-06,99.2,2.76,39.13508384955308,260.1630449558532,0.73008,36.984,1116,fuel_composition_not_within_99.99_to_100.01_pct,101.69999999999999,,
1096.0,62.8,12.5,0.0,0.0,26.4,0.0,6.769346030495157,3300.0,10.5,35.4,11.22,3.22e-06,99.2,2.76,37.63133657031102,275.050086177603,0.52416,24.656,1117,fuel_composition_not_within_99.99_to_100.01_pct,101.69999999999999,,
1192.0,62.8,12.5,26.4,0.0,0.0,0.0,4.259323167090469,1700.0,10.5,37.59999999999999,11.52,3.9e-06,100.4,2.38,30.87297529827082,367.3732871823358,2.82672,242.374,1213,fuel_composition_not_within_99.99_to_100.01_pct,101.69999999999999,,
1193.0,62.8,12.5,26.4,0.0,0.0,0.0,5.004909648522032,2100.0,10.5,37.59999999999999,11.52,3.9e-06,100.4,2.38,36.14721508922041,294.9082726868386,1.59456,113.344,1214,fuel_composition_not_within_99.99_to_100.01_pct,101.69999999999999,,
1194.0,62.8,12.5,26.4,0.0,0.0,0.0,5.66763967219248,2500.0,10.5,37.59999999999999,11.52,3.9e-06,100.4,2.38,37.42354891943047,275.1599575490968,0.96036,63.756,1215,fuel_composition_not_within_99.99_to_100.01_pct,101.69999999999999,,
1195.0,62.8,12.5,26.4,0.0,0.0,0.0,6.253821723442199,2900.0,10.5,37.59999999999999,11.52,3.9e-06,100.4,2.38,40.11752868827126,251.8401518417784,0.70668,34.914,1216,fuel_composition_not_within_99.99_to_100.01_pct,101.69999999999999,,
1196.0,62.8,12.5,26.4,0.0,0.0,0.0,6.769346030495157,3300.0,10.5,37.59999999999999,11.52,3.9e-06,100.4,2.38,38.69590614993733,262.4879591686814,0.5073599999999999,23.276,1217,fuel_composition_not_within_99.99_to_100.01_pct,101.69999999999999,,
1292.0,62.8,12.5,0.0,26.4,0.0,0.0,4.259323167090469,1700.0,10.5,36.3,13.52,2.14e-06,95.4,14.6,30.20691563499162,377.6349000642312,2.92032,266.324,1313,fuel_composition_not_within_99.99_to_100.01_pct,101.69999999999999,,
1293.0,62.8,12.5,0.0,26.4,0.0,0.0,5.004909648522032,2100.0,10.5,36.3,13.52,2.14e-06,95.4,14.6,35.53748329707758,304.5357002760816,1.64736,124.544,1314,fuel_composition_not_within_99.99_to_100.01_pct,101.69999999999999,,
1294.0,62.8,12.5,0.0,26.4,0.0,0.0,5.66763967219248,2500.0,10.5,36.3,13.52,2.14e-06,95.4,14.6,36.78404073974591,286.8995665068864,0.99216,70.056,1315,fuel_composition_not_within_99.99_to_100.01_pct,101.69999999999999,,
1295.0,62.8,12.5,0.0,26.4,0.0,0.0,6.253821723442199,2900.0,10.5,36.3,13.52,2.14e-06,95.4,14.6,39.43508384955308,261.1630449558532,0.73008,38.364,1316,fuel_composition_not_within_99.99_to_100.01_pct,101.69999999999999,,
1296.0,62.8,12.5,0.0,26.4,0.0,0.0,6.769346030495157,3300.0,10.5,36.3,13.52,2.14e-06,95.4,14.6,37.93133657031103,276.050086177603,0.52416,25.576,1317,fuel_composition_not_within_99.99_to_100.01_pct,101.69999999999999,,
,,,,,,,,,,,,,,,,,,,1375,missing_or_non_numeric_required_value,,,
