rule_type,rule_id,gasoline_pct,ethanol_pct,minimum_pct,maximum_pct,additive,additive_pct
ethanol_only,E0,100.0,0.0,25.0,30.0,,
ethanol_only,E5,95.0,5.0,27.0,32.0,,
ethanol_only,E10,90.0,10.0,31.0,35.0,,
ethanol_only,E15,85.0,15.0,26.0,31.0,,
ethanol_only,E20,80.0,20.0,23.0,30.0,,
e10_additive,E10_P5,85.0,10.0,32.0,37.0,pentanol_pct,5.0
e10_additive,E10_Pr5,85.0,10.0,31.0,35.0,propanol_pct,5.0
e10_additive,E10_B5,85.0,10.0,31.0,35.0,butanol_pct,5.0
e10_additive,E10_NMA5,85.0,10.0,31.0,37.0,n_methylaniline_pct,5.0
